[{"@type":"mappingTemplate","id":"@1","name":"MappingNewName","description":"","autoExpireObject":false,"bundleVersion":"0","assetFrsGuid":"5TJ5REUtu6RdFDVIwqQaqR","templateId":"@3","deployTime":1743590759000,"hasParameters":false,"valid":true,"fixedConnection":true,"hasParametersDeployed":false,"fixedConnectionDeployed":true,"isSchemaValidationEnabled":false,"tasks":0,"mappingPreviewFileRecordId":"@2","documentType":"MAPPING","allowMaxFieldLength":false,"references":[{"@type":"reference","refObjectId":"@57548QhoRglh41Ep3OsQA9","refType":"connection"},{"@type":"reference","refObjectId":"@6fQy0nAIfcrdE8v0HwewYh","refType":"frsDocument"},{"@type":"reference","refObjectId":"@fNuUi36cpQkjYvoArgPcuK","refType":"frsDocument"}]}]